{"cameraMode":{"drawMode":0,"name":"Shaded","section":"Shading Mode"},"sceneLighting":true,"audioPlay":false,"sceneViewState":{"m_AlwaysRefresh":false,"showFog":true,"showSkybox":true,"showFlares":true,"showImageEffects":true,"showParticleSystems":true,"showVisualEffectGraphs":true,"m_FxEnabled":true},"in2DMode":false,"pivot":{"x":-0.08425842225551605,"y":0.7125272154808044,"z":-1.6713194847106934},"rotation":{"x":-0.4034169912338257,"y":0.47926563024520876,"z":-0.2635623812675476,"w":-0.7335648536682129},"size":4.007106304168701,"orthographic":false}