{"cameraMode":{"drawMode":0,"name":"Shaded","section":"Shading Mode"},"sceneLighting":false,"audioPlay":false,"sceneViewState":{"m_AlwaysRefresh":false,"showFog":true,"showSkybox":false,"showFlares":true,"showImageEffects":true,"showParticleSystems":true,"showVisualEffectGraphs":true,"m_FxEnabled":false},"in2DMode":false,"pivot":{"x":-0.19907891750335694,"y":2.3726067543029787,"z":-0.3461686372756958},"rotation":{"x":0.03589663282036781,"y":0.9357017278671265,"z":-0.0989067479968071,"w":0.33707553148269656},"size":2.558178663253784,"orthographic":false}