{"cameraMode":{"drawMode":0,"name":"Shaded","section":"Shading Mode"},"sceneLighting":false,"audioPlay":false,"sceneViewState":{"m_AlwaysRefresh":false,"showFog":true,"showSkybox":false,"showFlares":true,"showImageEffects":true,"showParticleSystems":true,"showVisualEffectGraphs":true,"m_FxEnabled":false},"in2DMode":false,"pivot":{"x":0.5499999523162842,"y":3.013000011444092,"z":1.2300000190734864},"rotation":{"x":0.018427394330501558,"y":0.9793666005134583,"z":-0.17404988408088685,"w":0.10247911512851715},"size":0.8660253882408142,"orthographic":false}