{"cameraMode":{"drawMode":0,"name":"Shaded","section":"Shading Mode"},"sceneLighting":false,"audioPlay":false,"sceneViewState":{"m_AlwaysRefresh":false,"showFog":true,"showSkybox":false,"showFlares":true,"showImageEffects":true,"showParticleSystems":true,"showVisualEffectGraphs":true,"m_FxEnabled":false},"in2DMode":false,"pivot":{"x":6.630000114440918,"y":-0.49173712730407717,"z":0.3848339021205902},"rotation":{"x":0.00034427898935973644,"y":0.9993937611579895,"z":-0.03789667785167694,"w":0.002281701657921076},"size":1.723107099533081,"orthographic":false}