{"cameraMode":{"drawMode":0,"name":"Shaded","section":"Shading Mode"},"sceneLighting":false,"audioPlay":false,"sceneViewState":{"m_AlwaysRefresh":false,"showFog":true,"showSkybox":false,"showFlares":true,"showImageEffects":true,"showParticleSystems":true,"showVisualEffectGraphs":true,"m_FxEnabled":true},"in2DMode":false,"pivot":{"x":6.569999694824219,"y":1.5450000762939454,"z":-2.8144893646240236},"rotation":{"x":-0.27706244587898257,"y":0.16869588196277619,"z":-0.049469657242298129,"w":-0.9446462988853455},"size":12.12435531616211,"orthographic":false}