{"cameraMode":{"drawMode":0,"name":"Shaded","section":"Shading Mode"},"sceneLighting":false,"audioPlay":false,"sceneViewState":{"m_AlwaysRefresh":false,"showFog":true,"showSkybox":false,"showFlares":true,"showImageEffects":true,"showParticleSystems":true,"showVisualEffectGraphs":true,"m_FxEnabled":false},"in2DMode":false,"pivot":{"x":0.040016770362854007,"y":1.6528911590576172,"z":0.6803216934204102},"rotation":{"x":0.4121261239051819,"y":-0.1066390722990036,"z":0.04872862249612808,"w":0.9036471247673035},"size":6.4581804275512699,"orthographic":false}