{"cameraMode":{"drawMode":0,"name":"Shaded","section":"Shading Mode"},"sceneLighting":true,"audioPlay":false,"sceneViewState":{"m_AlwaysRefresh":false,"showFog":true,"showSkybox":true,"showFlares":true,"showImageEffects":true,"showParticleSystems":true,"showVisualEffectGraphs":true,"m_FxEnabled":false},"in2DMode":false,"pivot":{"x":0.009558186866343022,"y":12.535247802734375,"z":-62.10984802246094},"rotation":{"x":-0.047439731657505038,"y":0.9438015818595886,"z":-0.2877635657787323,"w":-0.15645919740200044},"size":13.63914680480957,"orthographic":false}